cik,period_end,grain,revenue,deferred_revenue,rpo,implied_billings,ttm_revenue,revenue_prior_year,revenue_yoy,rpo_coverage,deferred_revenue_ratio
0000796343,2007-11-30,annual,3157881000.0,,,,3157881000.0,,,,
0000796343,2008-11-28,annual,3579889000.0,275320000.0,,,3579889000.0,3157881000.0,0.13363644798521546,,0.0769074124923985
0000796343,2009-11-27,annual,2945853000.0,318293000.0,,2988826000.0,2945853000.0,3579889000.0,-0.17711051934850497,,0.10804782180237778
0000796343,2010-12-03,annual,3800000000.0,429677000.0,,3911384000.0,3800000000.0,2945853000.0,0.2899489553619954,,0.11307289473684211
0000796343,2011-12-02,annual,4216258000.0,531705000.0,,4318286000.0,4216258000.0,3800000000.0,0.10954157894736838,,0.12610826946548337
0000796343,2012-11-30,annual,4403677000.0,619565000.0,,4491537000.0,4403677000.0,4216258000.0,0.04445150178191182,,0.14069265298067957
0000796343,2013-11-29,annual,4055240000.0,828812000.0,,4264487000.0,4055240000.0,4403677000.0,-0.079124104697052,,0.20438050522287213
0000796343,2014-11-28,annual,4147065000.0,1155324000.0,,4473577000.0,4147065000.0,4055240000.0,0.022643542675649275,,0.2785883510386261
0000796343,2015-11-27,annual,4795511000.0,1485294000.0,,5125481000.0,4795511000.0,4147065000.0,0.15636263236771075,,0.30972590825044505
0000796343,2016-12-02,annual,5854430000.0,2014750000.0,,6383886000.0,5854430000.0,4795511000.0,0.22081463268460855,,0.34414110340374726
0000796343,2017-12-01,annual,7301505000.0,2494542000.0,,7781297000.0,7301505000.0,5854430000.0,0.2471760700870964,,0.3416476466153211
0000796343,2018-11-30,annual,9030000000.0,3053604000.0,,9589062000.0,9030000000.0,7301505000.0,0.23673133141729008,,0.3381621262458472
0000796343,2019-11-29,annual,11171000000.0,3501000000.0,9820000000.0,11618396000.0,11171000000.0,9030000000.0,0.23709856035437427,0.8790618565929639,0.3134007698505058
0000796343,2020-11-27,annual,12868000000.0,3759000000.0,11340000000.0,13126000000.0,12868000000.0,11171000000.0,0.151911198639334,0.8812558284115636,0.29211998756605534
0000796343,2021-12-03,annual,15785000000.0,4878000000.0,13990000000.0,16904000000.0,15785000000.0,12868000000.0,0.22668635374572577,0.8862844472600571,0.30902755780804564
0000796343,2022-12-02,annual,17606000000.0,5414000000.0,15190000000.0,18142000000.0,17606000000.0,15785000000.0,0.11536268609439349,0.8627740542996706,0.3075088038168806
0000796343,2023-12-01,annual,19409000000.0,5950000000.0,17220000000.0,19945000000.0,19409000000.0,17606000000.0,0.10240826990798602,0.8872172703385027,0.3065588129218404
0000796343,2024-11-29,annual,21505000000.0,6259000000.0,19960000000.0,21814000000.0,21505000000.0,19409000000.0,0.10799113813179462,0.9281562427342478,0.29104859335038363
0000796343,2025-11-28,annual,23769000000.0,7030000000.0,22520000000.0,24540000000.0,23769000000.0,21505000000.0,0.10527784236224136,0.947452564264378,0.29576338928856916
0000896878,2008-07-31,annual,2993000000.0,,,,2993000000.0,,,,
0000896878,2009-07-31,annual,3109000000.0,380000000.0,,,3109000000.0,2993000000.0,0.03875709989976617,,0.12222579607590865
0000896878,2010-07-31,annual,3403000000.0,416000000.0,,3439000000.0,3403000000.0,3109000000.0,0.09456416854293992,,0.12224507787246547
0000896878,2011-07-31,annual,3449000000.0,446000000.0,,3479000000.0,3449000000.0,3403000000.0,0.013517484572436178,,0.12931284430269643
0000896878,2012-07-31,annual,3808000000.0,471000000.0,,3833000000.0,3808000000.0,3449000000.0,0.104088141490287,,0.12368697478991597
0000896878,2013-07-31,annual,3946000000.0,527000000.0,,4002000000.0,3946000000.0,3808000000.0,0.03623949579831942,,0.13355296502787634
0000896878,2014-07-31,annual,4243000000.0,498000000.0,,4214000000.0,4243000000.0,3946000000.0,0.07526609224531167,,0.11736978552910676
0000896878,2015-07-31,annual,4192000000.0,843000000.0,,4537000000.0,4192000000.0,4243000000.0,-0.01201979731322178,,0.20109732824427481
0000896878,2016-07-31,annual,4694000000.0,1005000000.0,,4856000000.0,4694000000.0,4192000000.0,0.1197519083969465,,0.21410311035364296
0000896878,2017-07-31,annual,5196000000.0,1089000000.0,,5280000000.0,5196000000.0,4694000000.0,0.10694503621644658,,0.20958429561200922
0000896878,2018-07-31,annual,6025000000.0,584000000.0,,5520000000.0,6025000000.0,5196000000.0,0.15954580446497313,,0.09692946058091287
0000896878,2019-07-31,annual,6784000000.0,623000000.0,,6823000000.0,6784000000.0,6025000000.0,0.12597510373443987,,0.09183372641509434
0000896878,2020-07-31,annual,7679000000.0,665000000.0,,7721000000.0,7679000000.0,6784000000.0,0.13192806603773577,,0.08659981768459435
0000896878,2021-07-31,annual,9633000000.0,692000000.0,,9660000000.0,9633000000.0,7679000000.0,0.25446021617398107,,0.07183639572303539
0000896878,2022-07-31,annual,12726000000.0,814000000.0,,12848000000.0,12726000000.0,9633000000.0,0.3210837745250701,,0.06396353921106396
0000896878,2023-07-31,annual,14368000000.0,926000000.0,,14480000000.0,14368000000.0,12726000000.0,0.1290271884331291,,0.06444877505567928
0000896878,2024-07-31,annual,16285000000.0,876000000.0,,16235000000.0,16285000000.0,14368000000.0,0.13342149220489974,,0.05379183297513049
0000896878,2025-07-31,annual,18831000000.0,1023000000.0,,18978000000.0,18831000000.0,16285000000.0,0.1563401903592263,,0.05432531464075195
0001108524,2008-01-31,annual,748700000.0,,,,748700000.0,,,,
0001108524,2009-01-31,annual,1076769000.0,594026000.0,,,1076769000.0,748700000.0,0.43818485374649385,,0.551674500287434
0001108524,2010-01-31,annual,1305583000.0,704348000.0,,1415905000.0,1305583000.0,1076769000.0,0.21250054561377607,,0.5394892549918312
0001108524,2011-01-31,annual,1657139000.0,934941000.0,,1887732000.0,1657139000.0,1305583000.0,0.26927127574424614,,0.5641898476832662
0001108524,2012-01-31,annual,2266539000.0,1380295000.0,,2711893000.0,2266539000.0,1657139000.0,0.36774223526209937,,0.6089879768228122
0001108524,2013-01-31,annual,3050195000.0,1862995000.0,,3532895000.0,3050195000.0,2266539000.0,0.3457500620990859,,0.6107789829830552
0001108524,2014-01-31,annual,4071003000.0,2522115000.0,,4730123000.0,4071003000.0,3050195000.0,0.33466975062250115,,0.61953159946087
0001108524,2015-01-31,annual,5373586000.0,3321449000.0,,6172920000.0,5373586000.0,4071003000.0,0.31996611154548393,,0.6181066051608739
0001108524,2016-01-31,annual,6667216000.0,4291553000.0,,7637320000.0,6667216000.0,5373586000.0,0.24073867990574627,,0.6436799107753521
0001108524,2017-01-31,annual,8437000000.0,5579915000.0,,9725362000.0,8437000000.0,6667216000.0,0.2654457272720727,,0.6613624511082138
0001108524,2018-01-31,annual,10540000000.0,6995000000.0,,11955085000.0,10540000000.0,8437000000.0,0.24925921536091034,,0.6636622390891841
0001108524,2019-01-31,annual,13282000000.0,8564000000.0,25700000000.0,14851000000.0,13282000000.0,10540000000.0,0.2601518026565466,1.9349495557897907,0.6447824122873062
0001108524,2020-01-31,annual,17098000000.0,10662000000.0,30800000000.0,19196000000.0,17098000000.0,13282000000.0,0.2873061285950911,1.801380278395134,0.6235817054626273
0001108524,2021-01-31,annual,21252000000.0,12607000000.0,36100000000.0,23197000000.0,21252000000.0,17098000000.0,0.2429523920926424,1.6986636551853944,0.5932147562582345
0001108524,2022-01-31,annual,26492000000.0,15628000000.0,43700000000.0,29513000000.0,26492000000.0,21252000000.0,0.24656502917372491,1.6495545825154763,0.5899139362826513
0001108524,2023-01-31,annual,31352000000.0,17376000000.0,48600000000.0,33100000000.0,31352000000.0,26492000000.0,0.18345160803261362,1.55014034192396,0.5542230160755295
0001108524,2024-01-31,annual,34857000000.0,19003000000.0,56900000000.0,36484000000.0,34857000000.0,31352000000.0,0.11179510079101806,1.63238373927762,0.5451702670912586
0001108524,2025-01-31,annual,37895000000.0,20743000000.0,63400000000.0,39635000000.0,37895000000.0,34857000000.0,0.08715609490202825,1.6730439371948806,0.5473809209658266
0001108524,2026-01-31,annual,41525000000.0,24317000000.0,72400000000.0,45099000000.0,41525000000.0,37895000000.0,0.09579100145137875,1.7435279951836242,0.5855990367248646
0001261333,2017-01-31,annual,381459000.0,,,,381459000.0,,,,
0001261333,2018-01-31,annual,518504000.0,277924000.0,,,518504000.0,381459000.0,0.3592653469966629,,0.5360112940305186
0001261333,2019-01-31,annual,700969000.0,388772000.0,570700000.0,811817000.0,700969000.0,518504000.0,0.3519066391001806,0.8141586860474571,0.5546208177537095
0001261333,2020-01-31,annual,973971000.0,519038000.0,768700000.0,1104237000.0,973971000.0,700969000.0,0.38946372806786034,0.7892432115535267,0.5329090907224137
0001261333,2021-01-31,annual,1453047000.0,796134000.0,1100000000.0,1730143000.0,1453047000.0,973971000.0,0.4918791216576264,0.757029882722307,0.5479065715011283
0001261333,2022-01-31,annual,2107213000.0,1046616000.0,1600000000.0,2357695000.0,2107213000.0,1453047000.0,0.4502029184190188,0.7592967583248584,0.4966825850068313
0001261333,2023-01-31,annual,2515915000.0,1189792000.0,1900000000.0,2659091000.0,2515915000.0,2107213000.0,0.19395381482555396,0.7551924448957934,0.4729062786302399
0001261333,2024-01-31,annual,2761882000.0,1342039000.0,2200000000.0,2914129000.0,2761882000.0,2515915000.0,0.09776443162825443,0.7965582888769325,0.4859146770209589
0001261333,2025-01-31,annual,2976739000.0,1476965000.0,2400000000.0,3111665000.0,2976739000.0,2761882000.0,0.07779369285146864,0.806251404641119,0.496168794106571
0001261333,2026-01-31,annual,3219500000.0,1661124000.0,2400000000.0,3403659000.0,3219500000.0,2976739000.0,0.08155266551753448,0.7454573691567014,0.5159571362012735
0001327567,2011-07-31,annual,118597000.0,,,,118597000.0,,,,
0001327567,2012-07-31,annual,255138000.0,135808000.0,,,255138000.0,118597000.0,1.1513023095019266,,0.5322923280734347
0001327567,2013-07-31,annual,396107000.0,249230000.0,,509529000.0,396107000.0,255138000.0,0.5525205966966897,,0.6291986761152921
0001327567,2014-07-31,annual,598200000.0,422578000.0,,771548000.0,598200000.0,396107000.0,0.5101980020550003,,0.7064159144098964
0001327567,2015-07-31,annual,928100000.0,713700000.0,,1219222000.0,928100000.0,598200000.0,0.5514877967235039,,0.7689904105161082
0001327567,2016-07-31,annual,1378500000.0,1240800000.0,,1905600000.0,1378500000.0,928100000.0,0.48529253313220555,,0.9001088139281828
0001327567,2017-07-31,annual,1755100000.0,1773500000.0,,2287800000.0,1755100000.0,1378500000.0,0.2731955023576351,,1.01048373312062
0001327567,2018-07-31,annual,2273600000.0,2279300000.0,,2779400000.0,2273600000.0,1755100000.0,0.29542476212181645,,1.0025070372976777
0001327567,2019-07-31,annual,2899600000.0,2888700000.0,3100000000.0,3509000000.0,2899600000.0,2273600000.0,0.27533427163969026,1.0691129811008415,0.9962408608083874
0001327567,2020-07-31,annual,3408400000.0,3810200000.0,4300000000.0,4329900000.0,3408400000.0,2899600000.0,0.17547247896261564,1.2615890153737823,1.1178852247388804
0001327567,2021-07-31,annual,4256100000.0,5024000000.0,5900000000.0,5469900000.0,4256100000.0,3408400000.0,0.24870907170519896,1.3862456239280092,1.1804233923075116
0001327567,2022-07-31,annual,5501500000.0,6994000000.0,8200000000.0,7471500000.0,5501500000.0,4256100000.0,0.2926153050915157,1.490502590202672,1.2712896482777425
0001327567,2023-07-31,annual,6892700000.0,9296400000.0,10600000000.0,9195100000.0,6892700000.0,5501500000.0,0.2528764882304826,1.5378588941924065,1.3487312664122912
0001327567,2024-07-31,annual,8027500000.0,11480500000.0,12700000000.0,10211600000.0,8027500000.0,6892700000.0,0.16463795029523998,1.5820616630333229,1.4301463718467766
0001327567,2025-07-31,annual,9221500000.0,12752000000.0,15800000000.0,10493000000.0,9221500000.0,8027500000.0,0.1487387106820306,1.7133871929729436,1.3828552838475303
0001327811,2010-12-31,annual,68055000.0,,,,68055000.0,,,,
0001327811,2012-01-31,annual,134427000.0,188097000.0,,,134427000.0,68055000.0,0.9752700022040997,,1.3992501506393804
0001327811,2013-01-31,annual,273657000.0,285260000.0,,370820000.0,273657000.0,134427000.0,1.03572942935571,,1.0423997924409023
0001327811,2014-01-31,annual,468938000.0,413565000.0,,597243000.0,468938000.0,273657000.0,0.7135976788461469,,0.8819182919703671
0001327811,2015-01-31,annual,787860000.0,632744000.0,,1007039000.0,787860000.0,468938000.0,0.6800941702314591,,0.8031173051049679
0001327811,2016-01-31,annual,1156690000.0,899729000.0,,1423675000.0,1156690000.0,787860000.0,0.4681415479907598,,0.7778479973026481
0001327811,2017-01-31,annual,1574440000.0,1221543000.0,,1896254000.0,1574440000.0,1156690000.0,0.3611598613284459,,0.7758587180203755
0001327811,2018-01-31,annual,2143050000.0,1537147000.0,,2458654000.0,2143050000.0,1574440000.0,0.3611506313355859,,0.7172707123025595
0001327811,2019-01-31,annual,2822180000.0,1949270000.0,,3234303000.0,2822180000.0,2143050000.0,0.3168988124402137,,0.6906965537279691
0001327811,2020-01-31,annual,3627206000.0,2309203000.0,,3987139000.0,3627206000.0,2822180000.0,0.2852497005860717,,0.6366340924667637
0001327811,2021-01-31,annual,4317996000.0,2636735000.0,,4645528000.0,4317996000.0,3627206000.0,0.1904468618545514,,0.6106385925322766
0001327811,2022-01-31,annual,5139000000.0,3182480000.0,,5684745000.0,5139000000.0,4317996000.0,0.19013542393276883,,0.619280015567231
0001327811,2023-01-31,annual,6216000000.0,3634000000.0,,6667520000.0,6216000000.0,5139000000.0,0.2095738470519557,,0.5846203346203346
0001327811,2024-01-31,annual,7259000000.0,4127000000.0,,7752000000.0,7259000000.0,6216000000.0,0.1677927927927927,,0.5685356109656977
0001327811,2025-01-31,annual,8446000000.0,4547000000.0,,8866000000.0,8446000000.0,7259000000.0,0.16352114616338342,,0.5383613544873312
0001327811,2026-01-31,annual,9552000000.0,5081000000.0,,10086000000.0,9552000000.0,8446000000.0,0.1309495619228036,,0.5319304857621441
0001373715,2010-06-30,annual,43329000.0,,,,43329000.0,,,,
0001373715,2011-06-30,annual,92641000.0,,,,92641000.0,43329000.0,1.138083039073138,,
0001373715,2012-12-31,annual,243712000.0,170361000.0,,,243712000.0,92641000.0,1.6307142625835214,,0.6990258994222689
0001373715,2013-12-31,annual,424650000.0,266722000.0,,521011000.0,424650000.0,243712000.0,0.7424254858193278,,0.6280984340044743
0001373715,2014-12-31,annual,682563000.0,422238000.0,,838079000.0,682563000.0,424650000.0,0.6073542917696926,,0.6186066341128951
0001373715,2015-12-31,annual,1005480000.0,603754000.0,,1186996000.0,1005480000.0,682563000.0,0.4730947912500385,,0.6004634602378963
0001373715,2016-12-31,annual,1390985000.0,895101000.0,,1682332000.0,1390985000.0,1005480000.0,0.3834039463738712,,0.6435015474645664
0001373715,2017-12-31,annual,1918494000.0,1246815000.0,,2270208000.0,1918494000.0,1390985000.0,0.37923413983615917,,0.6498925719861517
0001373715,2018-12-31,annual,2608816000.0,1690191000.0,4900000000.0,3052192000.0,2608816000.0,1918494000.0,0.35982494602537196,1.8782466835529987,0.6478766612900259
0001373715,2019-12-31,annual,3460000000.0,2225792000.0,6600000000.0,3995601000.0,3460000000.0,2608816000.0,0.32627214797824,1.907514450867052,0.643292485549133
0001373715,2020-12-31,annual,4519000000.0,3008000000.0,8900000000.0,5301208000.0,4519000000.0,3460000000.0,0.3060693641618497,1.9694622704138083,0.6656339898207568
0001373715,2021-12-31,annual,5896000000.0,3899000000.0,11500000000.0,6787000000.0,5896000000.0,4519000000.0,0.30471343217526003,1.9504748982360922,0.6612957937584804
0001373715,2022-12-31,annual,7245000000.0,4730000000.0,14000000000.0,8076000000.0,7245000000.0,5896000000.0,0.22879918588873815,1.932367149758454,0.6528640441683919
0001373715,2023-12-31,annual,8971000000.0,5866000000.0,18000000000.0,10107000000.0,8971000000.0,7245000000.0,0.23823326432022074,2.0064652770036786,0.6538847397168654
0001373715,2024-12-31,annual,10984000000.0,6914000000.0,22300000000.0,12032000000.0,10984000000.0,8971000000.0,0.22438970014491133,2.0302257829570283,0.6294610342316096
0001373715,2025-12-31,annual,13278000000.0,8434000000.0,28200000000.0,14798000000.0,13278000000.0,10984000000.0,0.20884923525127452,2.123813827383642,0.6351860219912637
0001393052,2012-01-31,annual,61262000.0,,,,61262000.0,,,,
0001393052,2013-01-31,annual,129548000.0,38785000.0,,,129548000.0,61262000.0,1.1146550879827624,,0.2993870997622503
0001393052,2014-01-31,annual,210151000.0,67380000.0,,238746000.0,210151000.0,129548000.0,0.6221863710748139,,0.3206265970659193
0001393052,2015-01-31,annual,313222000.0,112960000.0,,358802000.0,313222000.0,210151000.0,0.4904616204538641,,0.360638780162313
0001393052,2016-01-31,annual,409221000.0,157419000.0,,453680000.0,409221000.0,313222000.0,0.306488688534011,,0.38467967186434715
0001393052,2017-01-31,annual,550542000.0,213562000.0,,606685000.0,550542000.0,409221000.0,0.34534151473164876,,0.38791227553937757
0001393052,2018-01-31,annual,690559000.0,266939000.0,,743936000.0,690559000.0,550542000.0,0.25432573718263085,,0.3865549504097405
0001393052,2019-01-31,annual,862210000.0,356357000.0,,951628000.0,862210000.0,690559000.0,0.24856818895995847,,0.4133065030561
0001393052,2020-01-31,annual,1104081000.0,468887000.0,,1216611000.0,1104081000.0,862210000.0,0.28052446619733007,,0.4246853265294847
0001393052,2021-01-31,annual,1465069000.0,616992000.0,,1613174000.0,1465069000.0,1104081000.0,0.3269578952993486,,0.42113511377279844
0001393052,2022-01-31,annual,1850777000.0,731746000.0,,1965531000.0,1850777000.0,1465069000.0,0.2632695115383643,,0.39537232200313704
0001393052,2023-01-31,annual,2155060000.0,869285000.0,,2292599000.0,2155060000.0,1850777000.0,0.164408245834047,,0.40336927974163134
0001393052,2024-01-31,annual,2363673000.0,1049761000.0,,2544149000.0,2363673000.0,2155060000.0,0.09680148116525755,,0.44412276994321975
0001393052,2025-01-31,annual,2746619000.0,1273978000.0,,2970836000.0,2746619000.0,2363673000.0,0.1620131041815005,,0.4638349913111356
0001393052,2026-01-31,annual,3195311000.0,1488819000.0,,3410152000.0,3195311000.0,2746619000.0,0.1633615729010831,,0.46593868327683907
0001404655,2012-12-31,annual,51604000.0,,,,51604000.0,,,,
0001404655,2013-12-31,annual,77634000.0,24906000.0,,,77634000.0,51604000.0,0.5044182621502209,,0.32081304583043513
0001404655,2014-12-31,annual,115876000.0,41305000.0,,132275000.0,115876000.0,77634000.0,0.492593451322874,,0.3564586281887535
0001404655,2015-12-31,annual,181943000.0,65139000.0,,205777000.0,181943000.0,115876000.0,0.5701525768925404,,0.35801872014861796
0001404655,2016-12-31,annual,270967000.0,96597000.0,,302425000.0,270967000.0,181943000.0,0.4892960982285661,,0.356489904674739
0001404655,2017-12-31,annual,375612000.0,139157000.0,,418172000.0,375612000.0,270967000.0,0.3861909383799502,,0.3704807088165447
0001404655,2018-12-31,annual,512980000.0,185484000.0,126400000.0,559307000.0,512980000.0,375612000.0,0.36571781519227287,0.2464033685523802,0.3615813482007096
0001404655,2019-12-31,annual,674860000.0,234088000.0,178400000.0,723464000.0,674860000.0,512980000.0,0.31556785839603885,0.26435112467771094,0.3468689802329372
0001404655,2020-12-31,annual,883026000.0,316502000.0,255600000.0,965440000.0,883026000.0,674860000.0,0.3084580505586343,0.28945920052184193,0.3584288571344445
0001404655,2021-12-31,annual,1300658000.0,434887000.0,376600000.0,1419043000.0,1300658000.0,883026000.0,0.47295549621415445,0.2895457529957914,0.33435922433106935
0001404655,2022-12-31,annual,1730969000.0,545778000.0,554900000.0,1841860000.0,1730969000.0,1300658000.0,0.3308410050912691,0.3205718877692206,0.31530200714166456
0001404655,2023-12-31,annual,2170230000.0,677960000.0,807000000.0,2302412000.0,2170230000.0,1730969000.0,0.25376595421408465,0.3718499882500933,0.3123908525824452
0001404655,2024-12-31,annual,2627543000.0,788222000.0,1000000000.0,2737805000.0,2627543000.0,2170230000.0,0.21072098349022905,0.3805836859758337,0.29998443412724357
0001404655,2025-12-31,annual,3131266000.0,1013440000.0,1600000000.0,3356484000.0,3131266000.0,2627543000.0,0.19170875605080484,0.5109754329399036,0.32365183922413493
0001441816,2016-01-31,annual,65271000.0,,,,65271000.0,,,,
0001441816,2017-01-31,annual,114805000.0,93739000.0,,,114805000.0,65271000.0,0.7588975195722449,,0.8165062497277993
0001441816,2018-01-31,annual,166028000.0,100914000.0,,173203000.0,166028000.0,114805000.0,0.4461739471277384,,0.6078131399522972
0001441816,2019-01-31,annual,267016000.0,137676000.0,,303778000.0,267016000.0,166028000.0,0.6082588479051727,,0.5156095514875513
0001441816,2020-01-31,annual,421720000.0,190779000.0,210200000.0,474823000.0,421720000.0,267016000.0,0.5793810108757527,0.49843498055581903,0.45238309779000285
0001441816,2021-01-31,annual,590380000.0,237951000.0,243700000.0,637552000.0,590380000.0,421720000.0,0.39993360523570143,0.4127849859412582,0.40304718994545885
0001441816,2022-01-31,annual,873782000.0,375180000.0,387000000.0,1011011000.0,873782000.0,590380000.0,0.48003319895660423,0.44290223419571473,0.42937483262415566
0001441816,2023-01-31,annual,1284040000.0,460271000.0,461100000.0,1369131000.0,1284040000.0,873782000.0,0.4695198573557249,0.3591009625868353,0.3584553440702782
0001441816,2024-01-31,annual,1683011000.0,377404000.0,591400000.0,1600144000.0,1683011000.0,1284040000.0,0.31071539827419703,0.3513940194092611,0.22424333530796886
0001441816,2025-01-31,annual,2006443000.0,359785000.0,748000000.0,1988824000.0,2006443000.0,1683011000.0,0.19217462036790023,0.3727990279315186,0.17931483725179334
0001441816,2026-01-31,annual,2463797000.0,470707000.0,1472700000.0,2574719000.0,2463797000.0,2006443000.0,0.2279426826478499,0.5977359336016725,0.19104942493233007
0001447669,2014-12-31,annual,88846000.0,,,,88846000.0,,,,
0001447669,2015-12-31,annual,166919000.0,6146000.0,,,166919000.0,88846000.0,0.8787452445805102,,0.03682025413523925
0001447669,2016-12-31,annual,277335000.0,10222000.0,,281411000.0,277335000.0,166919000.0,0.6614944973310408,,0.03685795157481025
0001447669,2017-12-31,annual,399020000.0,13797000.0,,402595000.0,399020000.0,277335000.0,0.4387653920349037,,0.03457721417472808
0001447669,2018-12-31,annual,650067000.0,22972000.0,,659242000.0,650067000.0,399020000.0,0.6291589394015338,,0.03533789593995696
0001447669,2019-12-31,annual,1134468000.0,26362000.0,,1137858000.0,1134468000.0,650067000.0,0.7451554993562202,,0.02323732357369269
0001447669,2020-12-31,annual,1761776000.0,87031000.0,84100000.0,1822445000.0,1761776000.0,1134468000.0,0.552953454835218,0.04773592102514735,0.04939958314791438
0001447669,2021-12-31,annual,2841839000.0,140389000.0,154200000.0,2895197000.0,2841839000.0,1761776000.0,0.613053532344634,0.05426063897356606,0.049400757748767614
0001447669,2022-12-31,annual,3826321000.0,139110000.0,154500000.0,3825042000.0,3826321000.0,2841839000.0,0.3464242696366684,0.04037821186460833,0.03635607153712404
0001447669,2023-12-31,annual,4153945000.0,144499000.0,144000000.0,4159334000.0,4153945000.0,3826321000.0,0.08562376235553693,0.03466584174802507,0.034785968519082465
0001447669,2024-12-31,annual,4458036000.0,155680000.0,182300000.0,4469217000.0,4458036000.0,4153945000.0,0.07320535057637989,0.04089244680841519,0.03492120745548039
0001447669,2025-12-31,annual,5067220000.0,158677000.0,175200000.0,5070217000.0,5067220000.0,4458036000.0,0.13664851517574106,0.034575171395755465,0.03131440908427106
0001477333,2017-12-31,annual,134915000.0,,,,134915000.0,,,,
0001477333,2018-12-31,annual,192674000.0,17037000.0,,,192674000.0,134915000.0,0.428113997702257,,0.08842397002190228
0001477333,2019-12-31,annual,287022000.0,31647000.0,219200000.0,301632000.0,287022000.0,192674000.0,0.4896768635103854,0.7637045243918584,0.11025984070907456
0001477333,2020-12-31,annual,431059000.0,56836000.0,383500000.0,456248000.0,431059000.0,287022000.0,0.5018326121342616,0.889669395604778,0.13185202025708778
0001477333,2021-12-31,annual,656426000.0,121226000.0,623900000.0,720816000.0,656426000.0,431059000.0,0.5228217019015959,0.9504498603041318,0.18467580504123846
0001477333,2022-12-31,annual,975241000.0,230379000.0,906500000.0,1084394000.0,975241000.0,656426000.0,0.4856830777574319,0.9295138329910247,0.2362277631887913
0001477333,2023-12-31,annual,1296745000.0,364852000.0,1244600000.0,1431218000.0,1296745000.0,975241000.0,0.32966620558405557,0.9597877763168549,0.28135986643480404
0001477333,2024-12-31,annual,1669626000.0,499860000.0,1686500000.0,1804634000.0,1669626000.0,1296745000.0,0.28755152323702804,1.0101064549785401,0.2993844130362129
0001477333,2025-12-31,annual,2167937000.0,725295000.0,2495800000.0,2393372000.0,2167937000.0,1669626000.0,0.29845666035387564,1.1512327157108349,0.3345553860651855
0001561550,2017-12-31,annual,100761000.0,,,,100761000.0,,,,
0001561550,2018-12-31,annual,198077000.0,70699000.0,,,198077000.0,100761000.0,0.9658101844959857,,0.35692685167889254
0001561550,2019-12-31,annual,362780000.0,138488000.0,,430569000.0,362780000.0,198077000.0,0.8315099683456433,,0.38174100005512984
0001561550,2020-12-31,annual,603466000.0,208275000.0,434100000.0,673253000.0,603466000.0,362780000.0,0.6634489222118087,0.7193445861075852,0.3451312915723504
0001561550,2021-12-31,annual,1028784000.0,385881000.0,815000000.0,1206390000.0,1028784000.0,603466000.0,0.7047919849668416,0.7921973903171122,0.37508456585638966
0001561550,2022-12-31,annual,1675100000.0,555968000.0,1057200000.0,1845187000.0,1675100000.0,1028784000.0,0.6282329429695641,0.6311264999104531,0.33190137902214795
0001561550,2023-12-31,annual,2128359000.0,786945000.0,1839400000.0,2359336000.0,2128359000.0,1675100000.0,0.2705862336576921,0.8642339003899249,0.36974260451361823
0001561550,2024-12-31,annual,2684275000.0,984546000.0,2273100000.0,2881876000.0,2684275000.0,2128359000.0,0.2611946574802466,0.8468208361661901,0.3667828370789133
0001561550,2025-12-31,annual,3427158000.0,1262357000.0,3461200000.0,3704969000.0,3427158000.0,2684275000.0,0.2767536858183308,1.0099330115506784,0.36833930621231936
0001585521,2018-01-31,annual,151478000.0,,,,151478000.0,,,,
0001585521,2019-01-31,annual,330517000.0,125773000.0,,,330517000.0,151478000.0,1.1819472134567395,,0.3805341328887773
0001585521,2020-01-31,annual,622658000.0,230536000.0,604100000.0,727421000.0,622658000.0,330517000.0,0.8838909950168978,0.9701955166399532,0.37024498199653744
0001585521,2021-01-31,annual,2651368000.0,883495000.0,1750900000.0,3304327000.0,2651368000.0,622658000.0,3.2581449206466475,0.6603760775569442,0.33322232145820574
0001585521,2022-01-31,annual,4099864000.0,1179916000.0,2647600000.0,4396285000.0,4099864000.0,2651368000.0,0.5463202392123614,0.6457775184737835,0.2877939365793597
0001585521,2023-01-31,annual,4392960000.0,1308446000.0,3434400000.0,4521490000.0,4392960000.0,4099864000.0,0.0714892006173864,0.7817963286713286,0.29785065195221444
0001585521,2024-01-31,annual,4527224000.0,1270362000.0,3574800000.0,4489140000.0,4527224000.0,4392960000.0,0.030563446969696928,0.7896229565844323,0.2806050683597719
0001585521,2025-01-31,annual,4665433000.0,1353661000.0,3801900000.0,4748732000.0,4665433000.0,4527224000.0,0.030528420948466417,0.8149082839684977,0.29014691669562076
0001585521,2026-01-31,annual,4868769000.0,1424344000.0,4185000000.0,4939452000.0,4868769000.0,4665433000.0,0.04358352161524981,0.8595601886226272,0.2925470483401451
0001594805,2017-12-31,annual,673304000.0,32046000.0,,,673304000.0,,,,0.04759514275869444
0001594805,2018-12-31,annual,1073229000.0,41061000.0,,1082244000.0,1073229000.0,673304000.0,0.5939738958924943,,0.038259309057060514
0001594805,2019-12-31,annual,1578173000.0,62660000.0,,1599772000.0,1578173000.0,1073229000.0,0.4704904545069133,,0.039704138899854455
0001594805,2020-12-31,annual,2929491000.0,128815000.0,,2995646000.0,2929491000.0,1578173000.0,0.8562546691649142,,0.043971802610078
0001594805,2021-12-31,annual,4611856000.0,379724000.0,,4862765000.0,4611856000.0,2929491000.0,0.5742857718286214,,0.08233648231861533
0001594805,2022-12-31,annual,5600000000.0,564000000.0,,5784276000.0,5600000000.0,4611856000.0,0.21426167686068265,,0.10071428571428571
0001594805,2023-12-31,annual,7060000000.0,498000000.0,,6994000000.0,7060000000.0,5600000000.0,0.2607142857142857,,0.07053824362606233
0001594805,2024-12-31,annual,8880000000.0,430000000.0,,8812000000.0,8880000000.0,7060000000.0,0.2577903682719547,,0.04842342342342342
0001594805,2025-12-31,annual,11556000000.0,398000000.0,,11524000000.0,11556000000.0,8880000000.0,0.30135135135135127,,0.03444098303911388
0001640147,2019-01-31,annual,96666000.0,,,,96666000.0,,,,
0001640147,2020-01-31,annual,264748000.0,329965000.0,,,264748000.0,96666000.0,1.7387913020089796,,1.2463361385166272
0001640147,2021-01-31,annual,592049000.0,642846000.0,1300000000.0,904930000.0,592049000.0,264748000.0,1.2362737395561063,2.1957642019495007,1.0857986416664838
0001640147,2022-01-31,annual,1219327000.0,1169067000.0,2600000000.0,1745548000.0,1219327000.0,592049000.0,1.0595035208234456,2.1323238146944994,0.9587805404128671
0001640147,2023-01-31,annual,2065659000.0,1684938000.0,3700000000.0,2581530000.0,2065659000.0,1219327000.0,0.6940976456684713,1.7911959331138392,0.8156902954456665
0001640147,2024-01-31,annual,2806489000.0,2213107000.0,5200000000.0,3334658000.0,2806489000.0,2065659000.0,0.3586409954401961,1.8528488798637728,0.788567851147822
0001640147,2025-01-31,annual,3626396000.0,2595540000.0,6900000000.0,4008829000.0,3626396000.0,2806489000.0,0.2921468781812435,1.9027155335490111,0.7157354023112754
0001640147,2026-01-31,annual,4683946000.0,3361437000.0,9800000000.0,5449843000.0,4683946000.0,3626396000.0,0.29162562500068945,2.0922529849831744,0.7176506731717232
0001650372,2021-06-30,annual,2089132000.0,,,,2089132000.0,,,,
0001650372,2022-06-30,annual,2802882000.0,1182680000.0,,,2802882000.0,2089132000.0,0.34164906765106284,,0.4219514057316719
0001650372,2023-06-30,annual,3534647000.0,1545479000.0,1800000000.0,3897446000.0,3534647000.0,2802882000.0,0.2610759211411682,0.5092446289544613,0.4372371555066178
0001650372,2024-06-30,annual,4358603000.0,2114736000.0,2400000000.0,4927860000.0,4358603000.0,3534647000.0,0.23310842638600127,0.550635146169541,0.4851866526958294
0001650372,2025-06-30,annual,5215304000.0,2481254000.0,3300000000.0,5581822000.0,5215304000.0,4358603000.0,0.1965540334827467,0.6327531434409193,0.4757640206591984
0001650372,2026-06-30,annual,6572308000.0,2661691000.0,4800000000.0,6752745000.0,6572308000.0,5215304000.0,0.2601965292914852,0.7303370444598762,0.4049857371261359
0001660134,2017-01-31,annual,160806000.0,113723000.0,,,160806000.0,,,,0.7072061987736776
0001660134,2018-01-31,annual,256547000.0,164779000.0,,307603000.0,256547000.0,160806000.0,0.5953820131089635,,0.6422955637758383
0001660134,2019-01-31,annual,399254000.0,254390000.0,728900000.0,488865000.0,399254000.0,256547000.0,0.5562606461973829,1.8256548462883277,0.6371633095723525
0001660134,2020-01-31,annual,586067000.0,371450000.0,1209700000.0,703127000.0,586067000.0,399254000.0,0.46790514309186637,2.064098473382736,0.633801254805338
0001660134,2021-01-31,annual,835000000.0,513598000.0,1796900000.0,977148000.0,835000000.0,586067000.0,0.42475177752714277,2.1519760479041916,0.6150874251497006
0001660134,2022-01-31,annual,1300000000.0,996000000.0,2694300000.0,1782402000.0,1300000000.0,835000000.0,0.5568862275449102,2.0725384615384614,0.7661538461538462
0001660134,2023-01-31,annual,1858000000.0,1260000000.0,3007000000.0,2122000000.0,1858000000.0,1300000000.0,0.4292307692307693,1.6184068891280947,0.6781485468245425
0001660134,2024-01-31,annual,2263000000.0,1511000000.0,3385000000.0,2514000000.0,2263000000.0,1858000000.0,0.21797631862217437,1.4958020326999557,0.6676977463543968
0001660134,2025-01-31,annual,2610000000.0,1718000000.0,4215000000.0,2817000000.0,2610000000.0,2263000000.0,0.15333627927529836,1.6149425287356323,0.6582375478927203
0001660134,2026-01-31,annual,2919000000.0,1905000000.0,4827000000.0,3106000000.0,2919000000.0,2610000000.0,0.11839080459770113,1.6536485097636178,0.6526207605344296
0001713683,2016-07-31,annual,80325000.0,,,,80325000.0,,,,
0001713683,2017-07-31,annual,125717000.0,96619000.0,,,125717000.0,80325000.0,0.5651042639277934,,0.7685436337169993
0001713683,2018-07-31,annual,190174000.0,164023000.0,397900000.0,257578000.0,190174000.0,125717000.0,0.5127150663792486,2.09229442510543,0.8624890889396026
0001713683,2019-07-31,annual,302836000.0,251202000.0,554200000.0,390015000.0,302836000.0,190174000.0,0.5924153669797134,1.8300334174272543,0.8294984744217992
0001713683,2020-07-31,annual,431269000.0,369767000.0,782800000.0,549834000.0,431269000.0,302836000.0,0.42410083345441096,1.8151084358022487,0.8573929496439577
0001713683,2021-07-31,annual,673100000.0,630601000.0,1553500000.0,933934000.0,673100000.0,431269000.0,0.5607428310404874,2.3079780121824394,0.9368607933442282
0001713683,2022-07-31,annual,1090946000.0,1021123000.0,2607200000.0,1481468000.0,1090946000.0,673100000.0,0.6207784875947111,2.389852476657873,0.9359977487428341
0001713683,2023-07-31,annual,1616952000.0,1439676000.0,3513600000.0,2035505000.0,1616952000.0,1090946000.0,0.4821558537269488,2.17297730544877,0.8903640924405919
0001713683,2024-07-31,annual,2167771000.0,1894974000.0,4417600000.0,2623069000.0,2167771000.0,1616952000.0,0.34065266006659445,2.0378536293732132,0.8741578330921486
0001713683,2025-07-31,annual,2673115000.0,2468026000.0,5780100000.0,3246167000.0,2673115000.0,2167771000.0,0.23311687443000206,2.162308767112526,0.9232771504405909
